<?xml version="1.0" encoding="UTF-8"?>
<metadata xml:lang="en"><Esri><CreaDate>20160916</CreaDate><CreaTime>12185100</CreaTime><ArcGISFormat>1.0</ArcGISFormat><SyncOnce>FALSE</SyncOnce><DataProperties><itemProps><itemName Sync="TRUE">PLANNING.GIS.WINERY_PUBLIC</itemName><nativeExtBox><westBL Sync="TRUE">6378383.950706</westBL><eastBL Sync="TRUE">6533241.266977</eastBL><southBL Sync="TRUE">1831198.997040</southBL><northBL Sync="TRUE">2000804.552187</northBL><exTypeCode Sync="TRUE">1</exTypeCode></nativeExtBox><itemLocation><protocol Sync="TRUE">ArcSDE Connection</protocol></itemLocation><imsContentType Sync="TRUE" export="False">002</imsContentType></itemProps><coordRef><type Sync="TRUE">Projected</type><geogcsn Sync="TRUE">GCS_North_American_1983</geogcsn><csUnits Sync="TRUE">Linear Unit: Foot_US (0.304801)</csUnits><projcsn Sync="TRUE">NAD_1983_StatePlane_California_II_FIPS_0402_Feet</projcsn><peXml Sync="TRUE">&lt;ProjectedCoordinateSystem xsi:type='typens:ProjectedCoordinateSystem' xmlns:xsi='http://www.w3.org/2001/XMLSchema-instance' xmlns:xs='http://www.w3.org/2001/XMLSchema' xmlns:typens='http://www.esri.com/schemas/ArcGIS/10.1'&gt;&lt;WKT&gt;PROJCS[&amp;quot;NAD_1983_StatePlane_California_II_FIPS_0402_Feet&amp;quot;,GEOGCS[&amp;quot;GCS_North_American_1983&amp;quot;,DATUM[&amp;quot;D_North_American_1983&amp;quot;,SPHEROID[&amp;quot;GRS_1980&amp;quot;,6378137.0,298.257222101]],PRIMEM[&amp;quot;Greenwich&amp;quot;,0.0],UNIT[&amp;quot;Degree&amp;quot;,0.0174532925199433]],PROJECTION[&amp;quot;Lambert_Conformal_Conic&amp;quot;],PARAMETER[&amp;quot;False_Easting&amp;quot;,6561666.666666666],PARAMETER[&amp;quot;False_Northing&amp;quot;,1640416.666666667],PARAMETER[&amp;quot;Central_Meridian&amp;quot;,-122.0],PARAMETER[&amp;quot;Standard_Parallel_1&amp;quot;,38.33333333333334],PARAMETER[&amp;quot;Standard_Parallel_2&amp;quot;,39.83333333333334],PARAMETER[&amp;quot;Latitude_Of_Origin&amp;quot;,37.66666666666666],UNIT[&amp;quot;Foot_US&amp;quot;,0.3048006096012192],AUTHORITY[&amp;quot;EPSG&amp;quot;,2226]]&lt;/WKT&gt;&lt;XOrigin&gt;-115211800&lt;/XOrigin&gt;&lt;YOrigin&gt;-93821500&lt;/YOrigin&gt;&lt;XYScale&gt;3048.0060960121918&lt;/XYScale&gt;&lt;ZOrigin&gt;-100000&lt;/ZOrigin&gt;&lt;ZScale&gt;10000&lt;/ZScale&gt;&lt;MOrigin&gt;-100000&lt;/MOrigin&gt;&lt;MScale&gt;10000&lt;/MScale&gt;&lt;XYTolerance&gt;0.0032808333333333331&lt;/XYTolerance&gt;&lt;ZTolerance&gt;0.001&lt;/ZTolerance&gt;&lt;MTolerance&gt;0.001&lt;/MTolerance&gt;&lt;HighPrecision&gt;true&lt;/HighPrecision&gt;&lt;WKID&gt;102642&lt;/WKID&gt;&lt;LatestWKID&gt;2226&lt;/LatestWKID&gt;&lt;/ProjectedCoordinateSystem&gt;</peXml></coordRef></DataProperties><SyncDate>20150730</SyncDate><SyncTime>15481300</SyncTime><ModDate>20150730</ModDate><ModTime>15540000</ModTime><scaleRange><minScale>150000000</minScale><maxScale>5000</maxScale></scaleRange><ArcGISProfile>ISO19139</ArcGISProfile></Esri><mdLang><languageCode value="eng"/><countryCode value="USA" Sync="TRUE"/></mdLang><mdChar><CharSetCd value="004"/></mdChar><mdHrLv><ScopeCd value="005"/></mdHrLv><mdContact><rpIndName>Matt Lamborn</rpIndName><rpOrgName>County of Napa Planning, Building, and Environmental Services Department.</rpOrgName><rpPosName>Planner III / GIS</rpPosName><rpCntInfo><cntPhone><voiceNum>(707) 265-2326</voiceNum></cntPhone><cntAddress addressType="both"><delPoint>1195 Third Street, Suite 210</delPoint><city>Napa</city><adminArea>CA</adminArea><postCode>94559</postCode><eMailAdd>matt.lamborn@countyofnapa.org</eMailAdd></cntAddress></rpCntInfo><role><RoleCd value="007"/></role></mdContact><mdDateSt Sync="TRUE">20150730</mdDateSt><mdStanName>ArcGIS Metadata</mdStanName><mdStanVer>1.0</mdStanVer><dataIdInfo><idCitation><resTitle Sync="TRUE">PLANNING.GIS.WINERY_PUBLIC</resTitle><presForm><PresFormCd value="005"/></presForm><presForm><fgdcGeoform>vector digital data</fgdcGeoform></presForm></idCitation><idAbs>&lt;DIV STYLE="text-align:Left;"&gt;&lt;DIV&gt;&lt;DIV&gt;&lt;P&gt;&lt;SPAN&gt;This GIS layer contains the locations and attributes (e.g. approved gallons per year production volumes, approved visitation rates, etc) of wineries located within Napa County.&lt;/SPAN&gt;&lt;/P&gt;&lt;/DIV&gt;&lt;/DIV&gt;&lt;/DIV&gt;</idAbs><idPurp>This layer contains the locations and attributes for wineries in Napa County and forms the core of the County's "winery database".</idPurp><idCredit>County of Napa Planning, Building, and Environmental Services Department</idCredit><idPoC><rpIndName>Matt Lamborn</rpIndName><rpOrgName>County of Napa Planning, Building, and Environmental Services Department.</rpOrgName><rpPosName>Planner III / GIS</rpPosName><rpCntInfo><cntPhone><voiceNum tddtty="">(707) 265-2326</voiceNum></cntPhone><cntAddress addressType="both"><delPoint>1195 Third Street, Suite 210</delPoint><city>Napa</city><adminArea>CA</adminArea><postCode>94559</postCode><eMailAdd>matt.lamborn@countyofnapa.org</eMailAdd></cntAddress></rpCntInfo><role><RoleCd value="007"/></role></idPoC><resMaint><maintFreq><MaintFreqCd value="009"/></maintFreq></resMaint><themeKeys><thesaName><resTitle>ISO 19115 Topic Categories</resTitle></thesaName><keyword>environment</keyword><keyword>health</keyword><keyword>farming</keyword><keyword>economy</keyword><keyword>society</keyword></themeKeys><themeKeys><keyword>St. Helena</keyword><keyword>California</keyword><keyword>Winery</keyword><keyword>American Canyon</keyword><keyword>Napa Valley</keyword><keyword>society</keyword><keyword>Yountville</keyword><keyword>Napa</keyword><keyword>Calistoga</keyword><keyword>Tourism</keyword><keyword>economy</keyword></themeKeys><searchKeys><keyword>environment</keyword><keyword>health</keyword><keyword>St. Helena</keyword><keyword>California</keyword><keyword>Winery</keyword><keyword>farming</keyword><keyword>American Canyon</keyword><keyword>Napa Valley</keyword><keyword>society</keyword><keyword>economy</keyword><keyword>Yountville</keyword><keyword>Napa</keyword><keyword>Calistoga</keyword><keyword>Tourism</keyword><keyword>society</keyword><keyword>economy</keyword></searchKeys><resConst><Consts><useLimit>&lt;DIV STYLE="text-align:Left;"&gt;&lt;DIV&gt;&lt;DIV STYLE="font-size:12pt"&gt;&lt;P&gt;&lt;SPAN&gt;This layer is open data. It is made available under the Public Domain Dedication and License version v1.0 whose full text can be found at:&lt;/SPAN&gt;&lt;A href="http://opendatacommons.org/licenses/pddl/1.0/"&gt;&lt;SPAN&gt;http://opendatacommons.org/licenses/pddl/1.0/&lt;/SPAN&gt;&lt;/A&gt;&lt;/P&gt;&lt;/DIV&gt;&lt;/DIV&gt;&lt;/DIV&gt;</useLimit></Consts></resConst><spatRpType><SpatRepTypCd value="001"/></spatRpType><dataLang><languageCode value="eng"/><countryCode value="USA" Sync="TRUE"/></dataLang><envirDesc Sync="TRUE">Microsoft Windows 7 Version 6.1 (Build 7601) Service Pack 1; Esri ArcGIS 10.2.2.3552</envirDesc><dataExt><geoEle><GeoBndBox><westBL>-122.641824</westBL><eastBL>-122.098896</eastBL><southBL>38.18874</southBL><northBL>38.656181</northBL></GeoBndBox></geoEle><vertEle><vertMinVal Sync="TRUE">0.000000</vertMinVal><vertMaxVal Sync="TRUE">0.000000</vertMaxVal></vertEle></dataExt><dataExt><geoEle><GeoBndBox esriExtentType="search"><exTypeCode Sync="TRUE">1</exTypeCode><westBL Sync="TRUE">-122.641824</westBL><eastBL Sync="TRUE">-122.098896</eastBL><northBL Sync="TRUE">38.656181</northBL><southBL Sync="TRUE">38.188740</southBL></GeoBndBox></geoEle></dataExt><dataChar><CharSetCd value="004"/></dataChar><resConst><Consts><useLimit>&lt;DIV STYLE="text-align:Left;"&gt;&lt;DIV&gt;&lt;DIV&gt;&lt;P STYLE="font-size:12pt"&gt;&lt;SPAN STYLE="font-weight:bold;"&gt;Wineries falling within city boundaries&lt;/SPAN&gt;&lt;/P&gt;&lt;P STYLE="font-size:12pt"&gt;&lt;SPAN&gt;GIS staff uses a combination of data from the US Alcohol and Tobacco Tax and Trade Bureau (TTB), California Alcoholic Beverage Control (ABC), and coordination with local agencies to map locations of wineries within city boundaries. These locations are considered approximate at best. Details (e.g. production, visitation, etc.) regarding wineries that fall within city jurisdiction are not included in the winery database. Please consult individual cities for information on these wineries.&lt;/SPAN&gt;&lt;/P&gt;&lt;/DIV&gt;&lt;/DIV&gt;&lt;/DIV&gt;</useLimit></Consts></resConst><resConst><LegConsts><othConsts>Disclaimer: This GIS data is intended to provide a visual display of data for the user's convenience. Users of this data are hereby notified that the appropriate public primary information sources should be consulted for verification of the information. Although every reasonable effort has been made to assure the accuracy of this data, the County of Napa makes no warranty, representation or guaranty as to the content, sequence, accuracy, timeliness or completeness of any of the data provided herein and explicitly disclaims any representations and warranties, including, without limitation, the implied warranties of merchantability and fitness for a particular purpose. The County of Napa assumes no liability for any errors, omissions, or inaccuracies in the information provided regardless of how caused and assumes no liability for any decisions made or actions taken or not taken by the user of the data in reliance upon any information or data furnished hereunder. Because the GIS data provided is not warranted to be up-to-date, the user should check with the County staff for updated information.</othConsts></LegConsts></resConst><tpCat><TopicCatCd value="007"/></tpCat><tpCat><TopicCatCd value="016"/></tpCat><tpCat><TopicCatCd value="005"/></tpCat><tpCat><TopicCatCd value="001"/></tpCat><tpCat><TopicCatCd value="009"/></tpCat></dataIdInfo><mdConst><Consts><useLimit>Disclaimer: This GIS data is intended to provide a visual display of data for the user's convenience. Users of this data are hereby notified that the appropriate public primary information sources should be consulted for verification of the information. Although every reasonable effort has been made to assure the accuracy of this data, the County of Napa makes no warranty, representation or guaranty as to the content, sequence, accuracy, timeliness or completeness of any of the data provided herein and explicitly disclaims any representations and warranties, including, without limitation, the implied warranties of merchantability and fitness for a particular purpose. The County of Napa assumes no liability for any errors, omissions, or inaccuracies in the information provided regardless of how caused and assumes no liability for any decisions made or actions taken or not taken by the user of the data in reliance upon any information or data furnished hereunder. Because the GIS data provided is not warranted to be up-to-date, the user should check with the County staff for updated information.</useLimit></Consts></mdConst><spatRepInfo><VectSpatRep><geometObjs Name="PLANNING.GIS.WINERY_PUBLIC"><geoObjTyp><GeoObjTypCd value="004" Sync="TRUE"/></geoObjTyp><geoObjCnt Sync="TRUE">495</geoObjCnt></geometObjs><topLvl><TopoLevCd value="001" Sync="TRUE"/></topLvl></VectSpatRep></spatRepInfo><eainfo><detailed Name="PLANNING.GIS.WINERY_PUBLIC"><enttyp><enttypl Sync="TRUE">PLANNING.GIS.WINERY_PUBLIC</enttypl><enttypt Sync="TRUE">Feature Class</enttypt><enttypc Sync="TRUE">495</enttypc><enttypd>Winery Information in Napa County</enttypd><enttypds>Dataset developer</enttypds></enttyp><attr><attrlabl>BldSz_Curr</attrlabl><attrdef>Total approved (or proposed for pending wineries) current size of winery building or buildings, measured in square feet. Covered work areas are included in this figure.</attrdef><attrdefs>Napa County PBES</attrdefs><attalias Sync="TRUE">BldSz_Curr</attalias><attrtype Sync="TRUE">Integer</attrtype><attwidth Sync="TRUE">4</attwidth><atprecis Sync="TRUE">10</atprecis><attscale Sync="TRUE">0</attscale></attr><attr><attrlabl>Status</attrlabl><attrdef>Status of the winery. APVD: Approved winery, not producing PEND: Winery pending approval PROD: Active winery UNKNWN: Status unknown, needs follow-up</attrdef><attrdefs>Napa County PBES</attrdefs><attalias Sync="TRUE">Status</attalias><attrtype Sync="TRUE">String</attrtype><attwidth Sync="TRUE">6</attwidth><atprecis Sync="TRUE">0</atprecis><attscale Sync="TRUE">0</attscale></attr><attr><attrlabl>Name</attrlabl><attrdef>Winery name.</attrdef><attrdefs>Napa County PBES</attrdefs><attalias Sync="TRUE">Name</attalias><attrtype Sync="TRUE">String</attrtype><attwidth Sync="TRUE">39</attwidth><atprecis Sync="TRUE">0</atprecis><attscale Sync="TRUE">0</attscale></attr><attr><attrlabl>shape</attrlabl><attrdef>Feature geometry.</attrdef><attrdefs>Esri</attrdefs><attrdomv><udom>Coordinates defining the features.</udom></attrdomv><attalias Sync="TRUE">shape</attalias><attrtype Sync="TRUE">Geometry</attrtype><attwidth Sync="TRUE">4</attwidth><atprecis Sync="TRUE">0</atprecis><attscale Sync="TRUE">0</attscale></attr><attr><attrlabl>Visit_Mktg</attrlabl><attrdef>The total number of approved (or proposed for pending wineries) visitors per year, based on the winery's marketing plan. NOTE: in most cases this figure is considered in addition to regular visitation.</attrdef><attrdefs>Napa County PBES</attrdefs><attalias Sync="TRUE">Visit_Mktg</attalias><attrtype Sync="TRUE">Integer</attrtype><attwidth Sync="TRUE">4</attwidth><atprecis Sync="TRUE">10</atprecis><attscale Sync="TRUE">0</attscale></attr><attr><attrlabl>Visit_Day</attrlabl><attrdef>The approved (or proposed for pending wineries) maximum number of daily visitors. NOTE: This is not always an exact number, as some wineries in the past were approved based on an average number of daily visitors.</attrdef><attrdefs>Napa County PBES</attrdefs><attalias Sync="TRUE">Visit_Day</attalias><attrtype Sync="TRUE">Integer</attrtype><attwidth Sync="TRUE">4</attwidth><atprecis Sync="TRUE">10</atprecis><attscale Sync="TRUE">0</attscale></attr><attr><attrlabl>Visit_Week</attrlabl><attrdef>The approved (or proposed for pending wineries) maximum number of weekly visitors. NOTE: This is not always an exact number, as some wineries in the past were approved based on an average number of weekly visitors.</attrdef><attrdefs>Napa County PBES</attrdefs><attalias Sync="TRUE">Visit_Week</attalias><attrtype Sync="TRUE">Integer</attrtype><attwidth Sync="TRUE">4</attwidth><atprecis Sync="TRUE">10</atprecis><attscale Sync="TRUE">0</attscale></attr><attr><attrlabl>Tour_Tastg</attrlabl><attrdef>The approved (or proposed for pending wineries) tours and tastings arrangement: APPT: By appointment only NO: No tours, no tasting PUB: Open to the public, no appointment necessary PVT: Private TST APPT: Tasting by appointment only</attrdef><attrdefs>Napa County PBES</attrdefs><attalias Sync="TRUE">Tour_Tastg</attalias><attrtype Sync="TRUE">String</attrtype><attwidth Sync="TRUE">8</attwidth><atprecis Sync="TRUE">0</atprecis><attscale Sync="TRUE">0</attscale></attr><attr><attrlabl>Notes</attrlabl><attrdef>Contains staff notes regarding the winery entry.</attrdef><attrdefs>Napa County PBES</attrdefs><attalias Sync="TRUE">Notes</attalias><attrtype Sync="TRUE">String</attrtype><attwidth Sync="TRUE">24</attwidth><atprecis Sync="TRUE">0</atprecis><attscale Sync="TRUE">0</attscale></attr><attr><attrlabl>SmlWnryExm</attrlabl><attrdef>This field denotes if the winery was established through the Small Winery Use Permit Exemption process. Wineries established through the Small Winery Use Permit Exemption process have an "x" in this column. NOTE: subsequent use permit approvals/modifications may have altered certain aspects of the winery's original small winery exemption status.</attrdef><attrdefs>Napa County PBES</attrdefs><attalias Sync="TRUE">SmlWnryExm</attalias><attrtype Sync="TRUE">String</attrtype><attwidth Sync="TRUE">3</attwidth><atprecis Sync="TRUE">0</atprecis><attscale Sync="TRUE">0</attscale></attr><attr><attrlabl>In_CityBdy</attrlabl><attrdef>Denotes whether or not the winery falls within city limits. Wineries with an "x" in this field fall within city limits.</attrdef><attrdefs>Napa County PBES</attrdefs><attalias Sync="TRUE">In_CityBdy</attalias><attrtype Sync="TRUE">String</attrtype><attwidth Sync="TRUE">1</attwidth><atprecis Sync="TRUE">0</atprecis><attscale Sync="TRUE">0</attscale></attr><attr><attrlabl>Last_UP</attrlabl><attrdef>The application number of the last known use permit for the winery.</attrdef><attrdefs>Napa County PBES</attrdefs><attalias Sync="TRUE">Last_UP</attalias><attrtype Sync="TRUE">String</attrtype><attwidth Sync="TRUE">26</attwidth><atprecis Sync="TRUE">0</atprecis><attscale Sync="TRUE">0</attscale></attr><attr><attrlabl>ParkingNum</attrlabl><attrdef>The total number of approved (or proposed for pending wineries) parking spaces at the winery.</attrdef><attrdefs>Napa County PBES</attrdefs><attalias Sync="TRUE">ParkingNum</attalias><attrtype Sync="TRUE">Integer</attrtype><attwidth Sync="TRUE">4</attwidth><atprecis Sync="TRUE">10</atprecis><attscale Sync="TRUE">0</attscale></attr><attr><attrlabl>SUP_dist</attrlabl><attrdef>Lists the corresponding Napa County Board of Supervisor District number that the winery falls within.</attrdef><attrdefs>Napa County PBES</attrdefs><attalias Sync="TRUE">SUP_dist</attalias><attrtype Sync="TRUE">String</attrtype><attwidth Sync="TRUE">5</attwidth><atprecis Sync="TRUE">0</atprecis><attscale Sync="TRUE">0</attscale></attr><attr><attrlabl>GPY_at_75</attrlabl><attrdef>This field lists the amount of wine, expressed in GPY (gallons per year) that is subject to the 75% rule. Of the GPY listed in this field, 75% of it must be sourced from within Napa County. NOTE: for newer wineries, this number may match the figure in the "Prod_Curr" field. For older wineries, especially pre-WDO wineries who have expanded their production area, the two figures could be different.</attrdef><attrdefs>Napa County PBES</attrdefs><attalias Sync="TRUE">GPY_at_75</attalias><attrtype Sync="TRUE">Integer</attrtype><attwidth Sync="TRUE">4</attwidth><atprecis Sync="TRUE">10</atprecis><attscale Sync="TRUE">0</attscale></attr><attr><attrlabl>AVA</attrlabl><attrdef>Lists the name of the AVA (American Viticultural Area) that the winery falls within.</attrdef><attrdefs>Napa County PBES</attrdefs><attalias Sync="TRUE">AVA</attalias><attrtype Sync="TRUE">String</attrtype><attwidth Sync="TRUE">35</attwidth><atprecis Sync="TRUE">0</atprecis><attscale Sync="TRUE">0</attscale></attr><attr><attrlabl>Subj_to_75</attrlabl><attrdef>This field denotes whether or not the winery is subject to the 75% grape sourcing rule (see Winery Definition Ordinance for details). Winery entries with an "x" in this column are subject to the 75% rule.</attrdef><attrdefs>Napa County PBES</attrdefs><attalias Sync="TRUE">Subj_to_75</attalias><attrtype Sync="TRUE">String</attrtype><attwidth Sync="TRUE">3</attwidth><atprecis Sync="TRUE">0</atprecis><attscale Sync="TRUE">0</attscale></attr><attr><attrlabl>Apprv_date</attrlabl><attrdef>The approval date of the most recent use permit in the MM/DD/YYYY format.</attrdef><attrdefs>Napa County PBES</attrdefs><attalias Sync="TRUE">Apprv_date</attalias><attrtype Sync="TRUE">String</attrtype><attwidth Sync="TRUE">10</attwidth><atprecis Sync="TRUE">0</atprecis><attscale Sync="TRUE">0</attscale></attr><attr><attrlabl>Has_Cave</attrlabl><attrdef>Indicates whether the winery includes a cave. Wineries (or winery proposals) with caves contain an 'x' in this column.</attrdef><attrdefs>Napa Cpounty PBES</attrdefs><attalias Sync="TRUE">Has_Cave</attalias><attrtype Sync="TRUE">String</attrtype><attwidth Sync="TRUE">3</attwidth><atprecis Sync="TRUE">0</atprecis><attscale Sync="TRUE">0</attscale></attr><attr><attrlabl>Estab_date</attrlabl><attrdef>The estimated date that the winery was put into operation (usually the first crush), expressed in the MM/DD/YYYY format.</attrdef><attrdefs>Napa County PBES</attrdefs><attalias Sync="TRUE">Estab_date</attalias><attrtype Sync="TRUE">String</attrtype><attwidth Sync="TRUE">10</attwidth><atprecis Sync="TRUE">0</atprecis><attscale Sync="TRUE">0</attscale></attr><attr><attrlabl>BldSz_Orig</attrlabl><attrdef>Total approved (or proposed for pending wineries) original size of winery building or buildings, measured in square feet. Covered work areas are included in this figure.</attrdef><attrdefs>Napa County PBES</attrdefs><attalias Sync="TRUE">BldSz_Orig</attalias><attrtype Sync="TRUE">Integer</attrtype><attwidth Sync="TRUE">4</attwidth><atprecis Sync="TRUE">10</atprecis><attscale Sync="TRUE">0</attscale></attr><attr><attrlabl>Prod_Orig</attrlabl><attrdef>The originally approved (or proposed for pending wineries) production volume, measured in GPY (gallons per year).</attrdef><attrdefs>Napa County PBES</attrdefs><attalias Sync="TRUE">Prod_Orig</attalias><attrtype Sync="TRUE">Integer</attrtype><attwidth Sync="TRUE">4</attwidth><atprecis Sync="TRUE">10</atprecis><attscale Sync="TRUE">0</attscale></attr><attr><attrlabl>OBJECTID</attrlabl><attrdef>Internal feature number.</attrdef><attrdefs>Esri</attrdefs><attrdomv><udom>Sequential unique whole numbers that are automatically generated.</udom></attrdomv><attalias Sync="TRUE">objectid</attalias><attrtype Sync="TRUE">OID</attrtype><attwidth Sync="TRUE">4</attwidth><atprecis Sync="TRUE">10</atprecis><attscale Sync="TRUE">0</attscale></attr><attr><attrlabl>Visit_ALL</attrlabl><attrdef>The total number of approved (or proposed for pending wineries) regular winery visitors plus marketing event visitors per year.</attrdef><attrdefs>Napa County PBES</attrdefs><attalias Sync="TRUE">Visit_ALL</attalias><attrtype Sync="TRUE">Integer</attrtype><attwidth Sync="TRUE">4</attwidth><atprecis Sync="TRUE">10</atprecis><attscale Sync="TRUE">0</attscale></attr><attr><attrlabl>In_AIASP</attrlabl><attrdef>Denotes whether or not the winery falls within the Airport Industrial Area Specific Plan (AIASP). Wineries with an "x" in this field fall within the AIASP.</attrdef><attrdefs>Napa County PBES</attrdefs><attalias Sync="TRUE">In_AIASP</attalias><attrtype Sync="TRUE">String</attrtype><attwidth Sync="TRUE">3</attwidth><atprecis Sync="TRUE">0</atprecis><attscale Sync="TRUE">0</attscale></attr><attr><attrlabl>CaveSize</attrlabl><attrdef>The total size of the cave, measured in square feet.</attrdef><attrdefs>Napa County PBES</attrdefs><attalias Sync="TRUE">CaveSize</attalias><attrtype Sync="TRUE">Integer</attrtype><attwidth Sync="TRUE">4</attwidth><atprecis Sync="TRUE">10</atprecis><attscale Sync="TRUE">0</attscale></attr><attr><attrlabl>ID</attrlabl><attrdef>Unique Winery Identification Number. Originally, this field was used to join the winery_attributes table to the Winery_locations point layer.</attrdef><attrdefs>Napa County PBES</attrdefs><attalias Sync="TRUE">id</attalias><attrtype Sync="TRUE">Double</attrtype><attwidth Sync="TRUE">8</attwidth><atprecis Sync="TRUE">19</atprecis><attscale Sync="TRUE">0</attscale></attr><attr><attrlabl>Visit_NmEv</attrlabl><attrdef>The total number of approved (or proposed for pending wineries) marketing events per year, based on the winery's marketing plan.</attrdef><attrdefs>Napa County PBES</attrdefs><attalias Sync="TRUE">Visit_NmEv</attalias><attrtype Sync="TRUE">Integer</attrtype><attwidth Sync="TRUE">4</attwidth><atprecis Sync="TRUE">10</atprecis><attscale Sync="TRUE">0</attscale></attr><attr><attrlabl>Visit_Yr</attrlabl><attrdef>The total number of approved (or proposed for pending wineries) visitors per year. Unless otherwise stated in the use permit approval, this figure is generated by taking the Visit_Week field and multiplying it by 52 weeks.</attrdef><attrdefs>Napa County PBES</attrdefs><attalias Sync="TRUE">Visit_Yr</attalias><attrtype Sync="TRUE">Integer</attrtype><attwidth Sync="TRUE">4</attwidth><atprecis Sync="TRUE">10</atprecis><attscale Sync="TRUE">0</attscale></attr><attr><attrlabl>Prod_Curr</attrlabl><attrdef>The currently approved (or proposed for pending wineries) production volume, measured in GPY (gallons per year). For new and proposed wineries this figure may be the same as Prod_Orig.</attrdef><attrdefs>Napa County PBES</attrdefs><attalias Sync="TRUE">Prod_Curr</attalias><attrtype Sync="TRUE">Integer</attrtype><attwidth Sync="TRUE">4</attwidth><atprecis Sync="TRUE">10</atprecis><attscale Sync="TRUE">0</attscale></attr><attr><attrlabl>WDO</attrlabl><attrdef>This field denotes if the winery was established prior to the date of effectiveness (Feb 22, 1990) of the Winery Definition Ordinance. Wineries are considered pre-WDO if this column contains an "x". NOTE: being designated pre-WDO in this case does not necessarily mean the winery still retains certain pre-WDO conditions. Subsequent use permits may have altered certain aspects of the winery's original approval.</attrdef><attrdefs>Napa County PBES</attrdefs><attalias Sync="TRUE">WDO</attalias><attrtype Sync="TRUE">String</attrtype><attwidth Sync="TRUE">1</attwidth><atprecis Sync="TRUE">0</atprecis><attscale Sync="TRUE">0</attscale></attr><attr><attrlabl>EmplyeeNum</attrlabl><attrdef>The total number of approved (or proposed for pending wineries) employees at the winery. This is not always an exact figure. In some cases winery use permit applications ask for a range (10 or fewer, 11-24, etc.), and in some cases an exact number is provided. For ranges, the max value is listed. For exact figures, FT employees are expressed as provided and PT employees are expressed as 0.5 per employee (i.e. a winery with 4 FT and 3 PT employees would be 5.5 total)</attrdef><attrdefs>Napa County PBES</attrdefs><attalias Sync="TRUE">EmplyeeNum</attalias><attrtype Sync="TRUE">Integer</attrtype><attwidth Sync="TRUE">4</attwidth><atprecis Sync="TRUE">10</atprecis><attscale Sync="TRUE">0</attscale></attr><attr><attrlabl>Total_Size</attrlabl><attrdef>The total size of the winery (or proposed winery), expressed in square feet. This is the total building size plus the total cave size, if applicable.</attrdef><attrdefs>Napa County PBES</attrdefs><attalias Sync="TRUE">Total_Size</attalias><attrtype Sync="TRUE">Integer</attrtype><attwidth Sync="TRUE">4</attwidth><atprecis Sync="TRUE">10</atprecis><attscale Sync="TRUE">0</attscale></attr></detailed></eainfo><distInfo><distFormat><formatName Sync="TRUE">SDE Feature Class</formatName></distFormat></distInfo><mdHrLvName Sync="TRUE">dataset</mdHrLvName><refSysInfo><RefSystem dimension=""><refSysID><identCode code="2226" Sync="TRUE"/><idCodeSpace Sync="TRUE">EPSG</idCodeSpace><idVersion Sync="TRUE">8.2.6</idVersion></refSysID></RefSystem></refSysInfo><spdoinfo><ptvctinf><esriterm Name="PLANNING.GIS.WINERY_PUBLIC"><efeatyp Sync="TRUE">Simple</efeatyp><efeageom code="1" Sync="TRUE"/><esritopo Sync="TRUE">FALSE</esritopo><efeacnt Sync="TRUE">495</efeacnt><spindex Sync="TRUE">FALSE</spindex><linrefer Sync="TRUE">TRUE</linrefer></esriterm></ptvctinf><direct>Vector</direct></spdoinfo><dqInfo><dataLineage><statement>The GIS winery database in SDE was converted from the original winery database housed in an MS Access database.

To enable public sharing of the layer, a view was created joining the winery_locations feature class and winery_attributes table into a single entity.</statement></dataLineage></dqInfo><distinfo><resdesc>None.  Data is available from County of Napa by registering at website: http://gis.napa.ca.gov/giscatalog/catalog.asp</resdesc><distrib><cntinfo><cntorgp><cntorg>County of Napa ITS Department</cntorg></cntorgp><cntpos>GIS Coordinator</cntpos><cntaddr><address>650 Imperial Way #201</address><city>Napa</city><state>CA</state><postal>94559</postal><country>USA</country></cntaddr><cntvoice>(707) 259-8141</cntvoice><cntfax>(707) 253-4824</cntfax><cntemail>gisstaff@countyofnapa.org</cntemail><hours>M-F 8:00 am - 5:00 pm</hours></cntinfo></distrib><distliab>Disclaimer: This GIS data is intended to provide a visual display of data for the user's convenience. Users of this data are hereby notified that the appropriate public primary information sources should be consulted for verification of the information.  Although every reasonable effort has been made to assure the accuracy of this data, the County of Napa makes no warranty, representation or guaranty as to the content, sequence, accuracy, timeliness or completeness of any of the data provided herein and explicitly disclaims any representations and warranties, including, without limitation, the implied warranties of merchantability and fitness for a particular purpose. The County of Napa assumes no liability for any errors, omissions, or inaccuracies in the information provided regardless of how caused and assumes no liability for any decisions made or actions taken or not taken by the user of the data in reliance upon any information or data furnished hereunder. Because the GIS data provided is not warranted to be up-to-date, the user should check with the County staff for updated information.</distliab><stdorder><ordering>Access to this data is limited to County of Napa and partner agencies only.</ordering></stdorder></distinfo><idinfo><accconst>None.  Data is available from County of Napa by registering at website: http://gis.napa.ca.gov/giscatalog/catalog.asp.  This data is made available under the Public Domain Dedication and License version v1.0 whose full text can be found at: http://opendatacommons.org/licenses/pddl/1.0/</accconst><descript><abstract>Winery Public contains the details of each winery's location and each winery’s approval based on its most recent (or pending) use permit approval. Please note that database figures listed for pending wineries are subject to change based on the use permit review and approval process.</abstract></descript><useconst>Disclaimer: This GIS data is intended to provide a visual display of data for the user's convenience. Users of this data are hereby notified that the appropriate public primary information sources should be consulted for verification of the information.  Although every reasonable effort has been made to assure the accuracy of this data, the County of Napa makes no warranty, representation or guaranty as to the content, sequence, accuracy, timeliness or completeness of any of the data provided herein and explicitly disclaims any representations and warranties, including, without limitation, the implied warranties of merchantability and fitness for a particular purpose. The County of Napa assumes no liability for any errors, omissions, or inaccuracies in the information provided regardless of how caused and assumes no liability for any decisions made or actions taken or not taken by the user of the data in reliance upon any information or data furnished hereunder. Because the GIS data provided is not warranted to be up-to-date, the user should check with the County staff for updated information.</useconst><native>Microsoft Windows XP Version 5.1 (Build 2600) Service Pack 3; ESRI ArcCatalog 9.3.1.3000</native><ptcontac><cntinfo><cntpos>Planner III/GIS</cntpos><cntaddr><address>1195 3rd Street</address><city>Napa</city><state>CA</state><postal>94559</postal><country>USA</country></cntaddr><cntvoice>707-265-2326</cntvoice><cntemail>matt.lamborn@countyofnapa.org</cntemail><cntorgp><cntorg>County of Napa: Planning, Building and Environmental Services</cntorg><cntper>Matt Lamborn</cntper></cntorgp></cntinfo></ptcontac><citation><citeinfo><origin>County of Napa: Planning, Building and Environmental Services</origin><pubdate>6/1/2015</pubdate><title>Winery Information in Napa County</title><geoform>vector digital data</geoform><onlink>http://gis.napa.ca.gov/giscatalog/catalog.asp</onlink></citeinfo></citation><keywords><theme><themekey>society</themekey><themekey>Tourism</themekey><themekey>Winery</themekey><themekey>economy</themekey></theme><place><placekey>American Canyon</placekey><placekey>Napa</placekey><placekey>St. Helena</placekey><placekey>Yountville</placekey><placekey>Calistoga</placekey><placekey>Napa Valley</placekey><placekt>Geographic Names Information System</placekt><placekey>California</placekey></place></keywords><timeperd><timeinfo><sngdate><caldate>6/1/2015</caldate></sngdate></timeinfo><current>publication date</current></timeperd><status><progress>Complete</progress><update>As needed</update></status></idinfo><dataqual><lineage><procstep><procdesc>Created for Public download.</procdesc><procdate>20150731</procdate></procstep><procstep><procdesc>routine updates as is done on a continuous basis</procdesc><procdate>20160819</procdate></procstep></lineage></dataqual><metainfo><metc><cntinfo><cntperp><cntorg>County of Napa ITS Department</cntorg></cntperp><cntpos>GIS Coordinator</cntpos><cntvoice>(707) 259-8141</cntvoice><cntfax>(707) 253-4824</cntfax><cntemail>gisstaff@countyofnapa.org</cntemail><hours>M-F 8:00 am - 5:00 pm</hours></cntinfo></metc><metd>20150806</metd></metainfo></metadata>
