<?xml version="1.0" encoding="UTF-8" standalone="no"?>
<metadata><idinfo><citation><citeinfo><onlink>http://gis.napa.ca.gov/giscatalog/catalog.asp</onlink><origin>Napa County Conservation, Development &amp; Planning</origin><pubdate>20090810</pubdate><title>planning.GIS.ava_Napa_County</title><geoform>vector digital data</geoform><othercit>Viticultural definitions were downloaded off the internet to get the exact determination for the boundaries.</othercit><onlink>http://www.wineinstitute.org/industry/fedlaw/table_of_contents.html#part_09</onlink></citeinfo></citation><native>Microsoft Windows 2000 Version 5.2 (Build 3790) Service Pack 2; ESRI ArcCatalog 9.3.1.3000</native><descript><abstract>Napa Valley American Viticultural Areas (Sub-AVA's) Polygons showing the area in Napa County that are part of the Napa Valley American Viticulture Areas.</abstract><purpose>To graphically show Viticultural Areas in Napa County</purpose></descript><timeperd><current>publication date</current><timeinfo><sngdate><caldate>20060810</caldate></sngdate></timeinfo></timeperd><status><progress>In work</progress><update>As needed</update></status><spdom><bounding><westbc>-122.647056</westbc><eastbc>-122.180415</eastbc><northbc>38.634202</northbc><southbc>38.149909</southbc></bounding></spdom><keywords><theme><themekt>ISO 19115 Topic</themekt><themekey>Boundaries</themekey></theme><place><placekey>Napa County</placekey><placekey>Napa Valley</placekey><placekey>Atlas Peak</placekey><placekey>Calistoga</placekey><placekey>Chiles Valley</placekey><placekey>Diamond Mountain</placekey><placekey>Howell Mountain</placekey><placekey>Los Carneros</placekey><placekey>Mt. Veeder</placekey><placekey>Oak Knoll</placekey><placekey>Oakville</placekey><placekey>Rutherford</placekey><placekey>St. Helena</placekey><placekey>Spring Mountain</placekey><placekey>Stags Leap</placekey><placekey>Wild Horse Valley</placekey><placekey>Yountville</placekey></place><theme><themekey>Farming</themekey><themekey>Agriculture</themekey><themekey>Viticulture</themekey><themekt>None</themekt><themekey>Environment</themekey></theme></keywords><accconst>None.  Data is available from the County of Napa by registering at website:  http://gis.napa.ca.gov/giscatalog/catalog.asp</accconst><useconst>Disclaimer: This GIS data is intended to provide a visual display of data for the user's convenience. Users of this data are hereby notified that the appropriate public primary information sources should be consulted for verification of the information.  Although every reasonable effort has been made to assure the accuracy of this data, the County of Napa makes no warranty, representation or guaranty as to the content, sequence, accuracy, timeliness or completeness of any of the data provided herein and explicitly disclaims any representations and warranties, including, without limitation, the implied warranties of merchantability and fitness for a particular purpose. The County of Napa assumes no liability for any errors, omissions, or inaccuracies in the information provided regardless of how caused and assumes no liability for any decisions made or actions taken or not taken by the user of the data in reliance upon any information or data furnished hereunder. Because the GIS data provided is not warranted to be up-to-date, the user should check with the County staff for updated information.</useconst><ptcontac><cntinfo><cntorgp><cntorg>Napa County Conservation, Development &amp; Planning</cntorg><cntper>Lynsey Kelly</cntper></cntorgp><cntpos>GIS Specialist</cntpos><cntaddr><addrtype>mailing and physical address</addrtype><address>1195 Third St., Suite 210</address><city>Napa</city><state>CA</state><postal>94559</postal></cntaddr><cntvoice>707-253-4417</cntvoice><cntemail>lkelly@co.napa.ca.us</cntemail></cntinfo></ptcontac><crossref><citeinfo><title>Wine Institute on American Viticultural Areas</title><onlink>http://www.wineinstitute.org/industry/fedlaw/table_of_contents.html#part_09</onlink></citeinfo></crossref></idinfo><distInfo><distributor><distorTran><onLineSrc><protocol>ArcSDE Connection</protocol><orDesc>002</orDesc></onLineSrc><transSize>0.655</transSize></distorTran><distorFormat><formatName>SDE Feature Class</formatName></distorFormat></distributor><distFormat><formatName>SDE Feature Class</formatName></distFormat></distInfo><dataqual><lineage><procstep><date>20060810</date><time>07502800</time><proccont><cntinfo><cntperp><cntper>Lynsey Kelly</cntper><cntorg>Napa County Conservation, Development &amp; Planning</cntorg></cntperp><cntpos>GIS Specialist</cntpos><cntvoice>707-253-4417</cntvoice><cntemail>lkelly@co.napa.ca.us</cntemail></cntinfo></proccont><procdesc>Richard Mendelson brought in the proposed Calistoga boundary definitions. Remaining AVA definitions downloaded off http://www.iwineinstitute.com/. Diamond Mountain and Oak Knoll districts could not be found here and found them on another website. The USGS basemaps are used to digitize these boundaries.   Calistoga is still proposed.</procdesc><srcused>http://www.wineinstitute.org/industry/fedlaw/table_of_contents.html#part_09</srcused><procdate>20060810</procdate><srcused>http://frwebgate.access.gpo.gov/cgi-bin/multidb.cgi?WAISdbName=cfr+Code+of+Federal+Regulations+%28current+data%29&amp;WAISqueryRule=%28%24WAISqueryString%29&amp;WAISqueryString=Napa&amp;WAIStemplate=multidb_results.html&amp;Submit.=Submit&amp;WrapperTemplate=cfr_wrapper2.html&amp;WAISmaxHits=120</srcused></procstep><procstep><proccont><cntinfo><cntperp><cntper>Lynsey Kelly</cntper><cntorg>Napa County Conservation, Development &amp; Planning</cntorg></cntperp><cntpos>GIS Specialist</cntpos><cntvoice>707-253-4417</cntvoice><cntemail>lkelly@co.napa.ca.us</cntemail></cntinfo></proccont><procdesc>Digitized in Proposed Tulocay AVA district.</procdesc><procdate>20070118</procdate></procstep><procstep><procdesc>Dataset copied.</procdesc><time>20535200</time><procdate>20070118</procdate></procstep><procstep><proccont><cntinfo><cntpos>GIS Specialist</cntpos><cntvoice>707.253.4417</cntvoice><cntorgp><cntorg>Napa County Conservation Division</cntorg><cntper>Lynsey Kelly</cntper></cntorgp></cntinfo></proccont><procdesc>Checked http://www.iwineinstitute.com/ for updates to AVA's or if the proposed Calistoga or Tulocay boundaries were approved yet.  No updates, don't see Calistoga or Tulocay approved.</procdesc><procdate>20100419</procdate></procstep><procstep><procdesc>Dataset copied.</procdesc><procdate>20110114</procdate><proctime>10483600</proctime></procstep></lineage></dataqual><dataIdInfo><envirDesc>Microsoft Windows XP Version 5.1 (Build 2600) Service Pack 3; ESRI ArcGIS 10.0.4.4000</envirDesc><dataLang><languageCode value="en" country="US"></languageCode><countryCode value="US"></countryCode></dataLang><idCitation><resTitle>planning.GIS.ava_Napa_County</resTitle><presForm><PresFormCd value="005"></PresFormCd></presForm></idCitation><spatRpType><SpatRepTypCd value="001"></SpatRepTypCd></spatRpType><dataExt><geoEle><GeoBndBox esriExtentType="search"><westBL>-122.647056</westBL><eastBL>-122.180415</eastBL><northBL>38.634202</northBL><southBL>38.149909</southBL><exTypeCode>1</exTypeCode></GeoBndBox><GeoBndBox esriExtentType="search"><westBL>-122.647056</westBL><eastBL>-122.180415</eastBL><northBL>38.634202</northBL><southBL>38.149909</southBL><exTypeCode>1</exTypeCode></GeoBndBox><GeoBndBox esriExtentType="search"><westBL>-122.647056</westBL><eastBL>-122.180415</eastBL><northBL>38.634202</northBL><southBL>38.149909</southBL><exTypeCode>1</exTypeCode></GeoBndBox><GeoBndBox esriExtentType="search"><westBL>-122.647056</westBL><eastBL>-122.180415</eastBL><northBL>38.634202</northBL><southBL>38.149909</southBL><exTypeCode>1</exTypeCode></GeoBndBox></geoEle></dataExt><geoBox esriExtentType="decdegrees"><westBL>-122.647056</westBL><eastBL>-122.180415</eastBL><northBL>38.634202</northBL><southBL>38.149909</southBL><exTypeCode>1</exTypeCode></geoBox><descKeys><thesaName uuidref="723f6998-058e-11dc-8314-0800200c9a66"></thesaName><keyword>002</keyword></descKeys><idPurp>To graphically show Viticultural Areas in Napa County</idPurp><idAbs>&lt;DIV STYLE="text-align:Left;"&gt;&lt;DIV&gt;&lt;P&gt;&lt;SPAN&gt;Napa Valley American Viticultural Areas (Sub-AVA's) Polygons showing the area in Napa County that are part of the Napa Valley American Viticulture Areas.&lt;/SPAN&gt;&lt;/P&gt;&lt;/DIV&gt;&lt;/DIV&gt;</idAbs><searchKeys><keyword>Boundaries</keyword><keyword>Farming</keyword><keyword>Agriculture</keyword><keyword>Viticulture</keyword><keyword>Environment</keyword></searchKeys><resConst><Consts><useLimit>Disclaimer: This GIS data is intended to provide a visual display of data for the user's convenience. Users of this data are hereby notified that the appropriate public primary information sources should be consulted for verification of the information.  Although every reasonable effort has been made to assure the accuracy of this data, the County of Napa makes no warranty, representation or guaranty as to the content, sequence, accuracy, timeliness or completeness of any of the data provided herein and explicitly disclaims any representations and warranties, including, without limitation, the implied warranties of merchantability and fitness for a particular purpose. The County of Napa assumes no liability for any errors, omissions, or inaccuracies in the information provided regardless of how caused and assumes no liability for any decisions made or actions taken or not taken by the user of the data in reliance upon any information or data furnished hereunder. Because the GIS data provided is not warranted to be up-to-date, the user should check with the County staff for updated information.</useLimit></Consts></resConst></dataIdInfo><metainfo><metstdn>FGDC Content Standards for Digital Geospatial Metadata</metstdn><metstdv>FGDC-STD-001-1998</metstdv><mettc>local time</mettc><metc><cntinfo><cntorgp><cntper>Lynsey Kelly</cntper><cntorg>Napa County Conservation, Development &amp; Planning</cntorg></cntorgp><cntaddr><addrtype>mailing and physical address</addrtype><city>Napa</city><state>CA</state><postal>94559</postal><address>1195 Third St, Suite 210</address><country>USA</country></cntaddr><cntvoice>707-253-4417</cntvoice><cntpos>GIS Specialist</cntpos><cntemail>lkelly@co.napa.ca.us</cntemail></cntinfo></metc><metd>20110831</metd></metainfo><mdLang><languageCode value="en"></languageCode><countryCode value="US"></countryCode></mdLang><mdStanName>ISO 19115 Geographic Information - Metadata</mdStanName><mdStanVer>DIS_ESRI1.0</mdStanVer><mdChar><CharSetCd value="004"></CharSetCd></mdChar><mdHrLv><ScopeCd value="005"></ScopeCd></mdHrLv><mdHrLvName>dataset</mdHrLvName><distinfo><resdesc>Access to this data is limited to County of Napa and partner agencies only.</resdesc><stdorder><digform><digtinfo><transize>0.655</transize></digtinfo></digform></stdorder><distrib><cntinfo><cntorgp><cntorg>County of Napa ITS Department</cntorg><cntper>Patrick Kowta</cntper></cntorgp><cntpos>GIS Coordinator</cntpos><cntvoice>707-259-8141</cntvoice><cntfax>707-253-4824</cntfax><cntemail>gisstaff@co.napa.ca.us</cntemail></cntinfo></distrib><distliab>Disclaimer: This GIS data is intended to provide a visual display of data for the user's convenience. Users of this data are hereby notified that the appropriate public primary information sources should be consulted for verification of the information.  Although every reasonable effort has been made to assure the accuracy of this data, the County of Napa makes no warranty, representation or guaranty as to the content, sequence, accuracy, timeliness or completeness of any of the data provided herein and explicitly disclaims any representations and warranties, including, without limitation, the implied warranties of merchantability and fitness for a particular purpose. The County of Napa assumes no liability for any errors, omissions, or inaccuracies in the information provided regardless of how caused and assumes no liability for any decisions made or actions taken or not taken by the user of the data in reliance upon any information or data furnished hereunder. Because the GIS data provided is not warranted to be up-to-date, the user should check with the County staff for updated information.</distliab></distinfo><spdoinfo><direct>Vector</direct><ptvctinf></ptvctinf></spdoinfo><spref><horizsys><planar><planci><plance>coordinate pair</plance><plandu>survey feet</plandu><coordrep><absres>0.000064</absres><ordres>0.000064</ordres></coordrep></planci></planar><geodetic><horizdn>North American Datum of 1983</horizdn><ellips>Geodetic Reference System 80</ellips><semiaxis>6378137.000000</semiaxis><denflat>298.257222</denflat></geodetic></horizsys><vertdef><altsys><altenc>Explicit elevation coordinate included with horizontal coordinates</altenc><altres>1.000000</altres></altsys></vertdef></spref><refSysInfo><RefSystem><refSysID><identCode code="2226" value="2226">NAD_1983_StatePlane_California_II_FIPS_0402_Feet</identCode><idCodeSpace>EPSG</idCodeSpace><idVersion>7.4.1</idVersion></refSysID></RefSystem></refSysInfo><spatRepInfo><VectSpatRep><geometObjs><geoObjTyp><GeoObjTypCd value="002"></GeoObjTypCd></geoObjTyp><geoObjCnt>16</geoObjCnt></geometObjs><topLvl><TopoLevCd value="001"></TopoLevCd></topLvl></VectSpatRep></spatRepInfo><eainfo><detailed><attr><attrlabl>AVA_Name</attrlabl><attrdef>Internal feature number.</attrdef><attrdefs>ESRI</attrdefs><attrdomv><udom>Sequential unique whole numbers that are automatically generated.</udom></attrdomv></attr><attr><attrlabl>OBJECTID</attrlabl><attrdef>Internal feature number.</attrdef><attrdefs>ESRI</attrdefs><attrdomv><udom>Sequential unique whole numbers that are automatically generated.</udom></attrdomv></attr><attr><attrlabl>ID</attrlabl><attrdef>Feature geometry.</attrdef><attrdefs>ESRI</attrdefs><attrdomv><udom>Coordinates defining the features.</udom></attrdomv></attr><attr><attrlabl>AVA_NAME</attrlabl><attrdef>Viticultural Area Name</attrdef><attrdefs>ESRI</attrdefs><attrdomv><udom>Coordinates defining the features.</udom></attrdomv></attr><attr><attrlabl>SHAPE</attrlabl><attrdef>Feature geometry.</attrdef><attrdefs>ESRI</attrdefs><attrdomv><udom>Coordinates defining the features.</udom></attrdomv></attr><enttyp><enttypl>ava_Napa_County</enttypl></enttyp><attr><attrlabl>Shape</attrlabl><attrdef>Feature geometry.</attrdef><attrdefs>ESRI</attrdefs><attrdomv><udom>Coordinates defining the features.</udom></attrdomv></attr><attr><attrlabl>Id</attrlabl></attr></detailed></eainfo><mdDateSt>20120521</mdDateSt><dqInfo><dataLineage><prcStep><stepDesc>Added recently approved Coombsville AVA using boundary description from TTB. Also revised Wild Horse Valley and Oak Knoll District boundaries based on boundary descriptions from TTB. Removed proposed Tulocay AVA boundary since it approximates the approved Coombsville AVA boundary and was withdrawn by TTB on 6/19/2008.</stepDesc><stepRat>Edited AVA feature class to reflect recent AVA approval, to clean up adjacent boundaries, and to remove outdated AVA info (i.e. Tulocay)</stepRat><stepDateTm>2011-12-20T00:00:00</stepDateTm><stepProc><rpIndName>Matt Lamborn</rpIndName><rpOrgName>Napa County CDPD</rpOrgName><rpPosName>GIS Consultant</rpPosName><role><RoleCd value="009"></RoleCd></role></stepProc></prcStep></dataLineage></dqInfo><Esri><CreaDate>20121031</CreaDate><CreaTime>13085800</CreaTime><ArcGISFormat>1.0</ArcGISFormat><SyncOnce>TRUE</SyncOnce><DataProperties><itemProps><itemLocation><protocol Sync="TRUE">Local Area Network</protocol></itemLocation></itemProps></DataProperties><ArcGISstyle>North American Profile of ISO19115 2003</ArcGISstyle></Esri></metadata>